,time,precision
0,0.082766879052,0.57550164378
1,0.117466439036,0.579979716592
2,0.16922484786,0.60032647654
3,0.22244599664,0.60887593082
4,0.278542009684,0.622558266192
