,time,precision
0,434.4342,0.64725
1,442.5147331643,0.677322919576
2,504.12729682500003,0.697124187046
3,569.714539974,0.699181932876
