,time,precision
0,1133.958,0.65859
1,1403.10407622,0.70021684824
2,1552.21639425,0.72017872854
3,1531.33563126,0.7222531652399999
