,time,precision
0,403.7268,0.5453600000000001
1,491.43617149220006,0.5733072555040001
2,548.69373355,0.5917088968840001
3,609.645030196,0.601641193704
