,time,precision
0,0.061097330548000005,0.462614359193
1,0.069751377616,0.47568806625099996
2,0.103249414862,0.48486671312
3,0.134130319046,0.495016202915
