,time,precision
0.01,4318,0.807085765
0.02,4635,0.827287819
0.03,4109.314901,0.841935684
0.04,4228.0651,0.857496887