,time,precision
0.01,2318,0.787085765
0.02,2435,0.807287819
0.03,2709.314901,0.821935684
0.04,2728.0651,0.847496887