,time,precision
0.01,2818,0.687085765
0.02,3035,0.7087819
0.03,3209.314901,0.721935684
0.04,3228.0651,0.747496887