missingRate,time,precision,rmse,Method
0.1,3510.513983,0.80536,0.990455278,NaiveJoin
0.1,4702.902734,0.84725,0.9926335,GreedyJoin
0.1,5809,0.87859,**,Greedy+Pruning
0.3,1218,0.54536,0.820545303,NaiveJoin
0.3,2423.672983,0.64725,0.870568535,GreedyJoin
0.3,3456,0.65859,**,Greedy+Pruning
0.5,6317.79554,0.42536,0.77378817,NaiveJoin
0.5,8440.133558,0.58725,0.794486995,GreedyJoin
0.5,9023.3,0.60859,**,Greedy+Pruning