MissingPattern,time,precision,rmse,Method
MAR,2729.270914,0.81,0.81,Greedy
MAR,3638.901287,0.84,0.84,Improved
MCAR,3195.60969,0.834429299,0.834429299,greedy
MCAR,3669.160526,0.865726192,0.865726192,improved
MNAR,3195.60969,0.814429299,0.804429299,Greedy
MNAR,3669.160526,0.825726192,0.825726192,Improved