MissingPattern,time,precision,rmse,Method
MAR,2729.270914,0.824559986,0.820456005,Greedy
MAR,3638.901287,0.832979077,0.828801059,Improved
MCAR,1218,0.827085765,0.820545303,Greedy
MCAR,2423.672983,0.877527432,0.870568535,Improved
MNAR,2751.261212,0.906075417,0.901455155,Greedy
MNAR,3635.606974,0.928932949,0.924158818,Improved