,time,precision,rmse
0.01,1218,0.827085765,0.820545303
0.02,1235,0.857287819,0.8501
0.03,1209.314901,0.861935684,0.85472135
0.04,1228.0651,0.867496887,0.860202464