,time,precision,rmse
0.01,2423.672983,0.877527432,0.870568535
0.02,2454.086635,0.921222021,0.913446283
0.03,2393.972461,0.928250419,0.920201332
0.04,2438.975477,0.932043206,0.924099425