,time,precision
0.01,0.092787981,0.645181215
0.02,0.131688833,0.650201476
0.03,0.189713955,0.673011745
0.04,0.24937892,0.682596335
0.05,0.312266827,0.697935276