,time,precision
0.01,503.4,0.75
0.02,512.7633061,0.784846952
0.03,584.156775,0.807791642
0.04,660.155898,0.810176052