,time,precision
0.01,1303.4,0.757
0.02,1612.763306,0.804846952
0.03,1784.156775,0.827791642
0.04,1760.155898,0.830176052