,time,precision
0.01,503.4,0.68
0.02,612.7633061,0.714846952
0.03,684.156775,0.737791642
0.04,760.155898,0.750176052