,time,precision
0.01,0.071794748,0.543612643
0.02,0.081964016,0.558975401
0.03,0.121327162,0.56976112
0.04,0.157614946,0.581687665