,time,precision,rmse
0.01,2303.4,0.6,0.61
0.02,612.7633061,0.714846952,0.714846952
0.03,1784.156775,0.757791642,0.757791642
0.04,1760.155898,0.790176052,0.790176052