,time,precision,rmse
0.01,3600.545939,0.64,0.64
0.02,1726.545939,0.751982921,0.751982921
0.03,3558.2979,0.788810459,0.788810459
0.04,3533.014439,0.830879881,0.830879881